#id;x;y;vol
0;0.500;-12.000;1.000
1;0.500;-11.000;1.000
2;0.500;-10.000;1.000
3;0.500;-9.000;1.000
4;0.500;-8.000;1.000
5;0.500;-7.000;1.000
6;0.500;-6.000;1.000
7;0.500;-5.000;1.000
8;0.500;-4.000;1.000
9;0.500;-3.000;1.000
10;0.500;-2.000;1.000
11;0.500;-1.000;1.000
12;0.500;0.000;1.000
13;0.500;1.000;1.000
14;0.500;2.000;1.000
15;0.500;3.000;1.000
16;0.500;4.000;1.000
17;0.500;5.000;1.000
18;0.500;6.000;1.000
19;0.500;7.000;1.000
20;0.500;8.000;1.000
21;0.500;9.000;1.000
22;0.500;10.000;1.000
23;0.500;11.000;1.000
24;0.500;12.000;1.000
25;1.500;-12.000;1.000
26;1.500;-11.000;1.000
27;1.500;-10.000;1.000
28;1.500;-9.000;1.000
29;1.500;-8.000;1.000
30;1.500;-7.000;1.000
31;1.500;-6.000;1.000
32;1.500;-5.000;1.000
33;1.500;-4.000;1.000
34;1.500;-3.000;1.000
35;1.500;-2.000;1.000
36;1.500;-1.000;1.000
37;1.500;0.000;1.000
38;1.500;1.000;1.000
39;1.500;2.000;1.000
40;1.500;3.000;1.000
41;1.500;4.000;1.000
42;1.500;5.000;1.000
43;1.500;6.000;1.000
44;1.500;7.000;1.000
45;1.500;8.000;1.000
46;1.500;9.000;1.000
47;1.500;10.000;1.000
48;1.500;11.000;1.000
49;1.500;12.000;1.000
50;2.500;-12.000;1.000
51;2.500;-11.000;1.000
52;2.500;-10.000;1.000
53;2.500;-9.000;1.000
54;2.500;-8.000;1.000
55;2.500;-7.000;1.000
56;2.500;-6.000;1.000
57;2.500;-5.000;1.000
58;2.500;-4.000;1.000
59;2.500;-3.000;1.000
60;2.500;-2.000;1.000
61;2.500;-1.000;1.000
62;2.500;0.000;1.000
63;2.500;1.000;1.000
64;2.500;2.000;1.000
65;2.500;3.000;1.000
66;2.500;4.000;1.000
67;2.500;5.000;1.000
68;2.500;6.000;1.000
69;2.500;7.000;1.000
70;2.500;8.000;1.000
71;2.500;9.000;1.000
72;2.500;10.000;1.000
73;2.500;11.000;1.000
74;2.500;12.000;1.000
75;3.500;-12.000;1.000
76;3.500;-11.000;1.000
77;3.500;-10.000;1.000
78;3.500;-9.000;1.000
79;3.500;-8.000;1.000
80;3.500;-7.000;1.000
81;3.500;-6.000;1.000
82;3.500;-5.000;1.000
83;3.500;-4.000;1.000
84;3.500;-3.000;1.000
85;3.500;-2.000;1.000
86;3.500;-1.000;1.000
87;3.500;0.000;1.000
88;3.500;1.000;1.000
89;3.500;2.000;1.000
90;3.500;3.000;1.000
91;3.500;4.000;1.000
92;3.500;5.000;1.000
93;3.500;6.000;1.000
94;3.500;7.000;1.000
95;3.500;8.000;1.000
96;3.500;9.000;1.000
97;3.500;10.000;1.000
98;3.500;11.000;1.000
99;3.500;12.000;1.000
100;4.500;-12.000;1.000
101;4.500;-11.000;1.000
102;4.500;-10.000;1.000
103;4.500;-9.000;1.000
104;4.500;-8.000;1.000
105;4.500;-7.000;1.000
106;4.500;-6.000;1.000
107;4.500;-5.000;1.000
108;4.500;-4.000;1.000
109;4.500;-3.000;1.000
110;4.500;-2.000;1.000
111;4.500;-1.000;1.000
112;4.500;0.000;1.000
113;4.500;1.000;1.000
114;4.500;2.000;1.000
115;4.500;3.000;1.000
116;4.500;4.000;1.000
117;4.500;5.000;1.000
118;4.500;6.000;1.000
119;4.500;7.000;1.000
120;4.500;8.000;1.000
121;4.500;9.000;1.000
122;4.500;10.000;1.000
123;4.500;11.000;1.000
124;4.500;12.000;1.000
125;5.500;-12.000;1.000
126;5.500;-11.000;1.000
127;5.500;-10.000;1.000
128;5.500;-9.000;1.000
129;5.500;-8.000;1.000
130;5.500;-7.000;1.000
131;5.500;-6.000;1.000
132;5.500;-5.000;1.000
133;5.500;-4.000;1.000
134;5.500;-3.000;1.000
135;5.500;-2.000;1.000
136;5.500;-1.000;1.000
137;5.500;0.000;1.000
138;5.500;1.000;1.000
139;5.500;2.000;1.000
140;5.500;3.000;1.000
141;5.500;4.000;1.000
142;5.500;5.000;1.000
143;5.500;6.000;1.000
144;5.500;7.000;1.000
145;5.500;8.000;1.000
146;5.500;9.000;1.000
147;5.500;10.000;1.000
148;5.500;11.000;1.000
149;5.500;12.000;1.000
150;6.500;-12.000;1.000
151;6.500;-11.000;1.000
152;6.500;-10.000;1.000
153;6.500;-9.000;1.000
154;6.500;-8.000;1.000
155;6.500;-7.000;1.000
156;6.500;-6.000;1.000
157;6.500;-5.000;1.000
158;6.500;-4.000;1.000
159;6.500;-3.000;1.000
160;6.500;-2.000;1.000
161;6.500;-1.000;1.000
162;6.500;0.000;1.000
163;6.500;1.000;1.000
164;6.500;2.000;1.000
165;6.500;3.000;1.000
166;6.500;4.000;1.000
167;6.500;5.000;1.000
168;6.500;6.000;1.000
169;6.500;7.000;1.000
170;6.500;8.000;1.000
171;6.500;9.000;1.000
172;6.500;10.000;1.000
173;6.500;11.000;1.000
174;6.500;12.000;1.000
175;7.500;-12.000;1.000
176;7.500;-11.000;1.000
177;7.500;-10.000;1.000
178;7.500;-9.000;1.000
179;7.500;-8.000;1.000
180;7.500;-7.000;1.000
181;7.500;-6.000;1.000
182;7.500;-5.000;1.000
183;7.500;-4.000;1.000
184;7.500;-3.000;1.000
185;7.500;-2.000;1.000
186;7.500;-1.000;1.000
187;7.500;0.000;1.000
188;7.500;1.000;1.000
189;7.500;2.000;1.000
190;7.500;3.000;1.000
191;7.500;4.000;1.000
192;7.500;5.000;1.000
193;7.500;6.000;1.000
194;7.500;7.000;1.000
195;7.500;8.000;1.000
196;7.500;9.000;1.000
197;7.500;10.000;1.000
198;7.500;11.000;1.000
199;7.500;12.000;1.000
200;8.500;-12.000;1.000
201;8.500;-11.000;1.000
202;8.500;-10.000;1.000
203;8.500;-9.000;1.000
204;8.500;-8.000;1.000
205;8.500;-7.000;1.000
206;8.500;-6.000;1.000
207;8.500;-5.000;1.000
208;8.500;-4.000;1.000
209;8.500;-3.000;1.000
210;8.500;-2.000;1.000
211;8.500;-1.000;1.000
212;8.500;0.000;1.000
213;8.500;1.000;1.000
214;8.500;2.000;1.000
215;8.500;3.000;1.000
216;8.500;4.000;1.000
217;8.500;5.000;1.000
218;8.500;6.000;1.000
219;8.500;7.000;1.000
220;8.500;8.000;1.000
221;8.500;9.000;1.000
222;8.500;10.000;1.000
223;8.500;11.000;1.000
224;8.500;12.000;1.000
225;9.500;-12.000;1.000
226;9.500;-11.000;1.000
227;9.500;-10.000;1.000
228;9.500;-9.000;1.000
229;9.500;-8.000;1.000
230;9.500;-7.000;1.000
231;9.500;-6.000;1.000
232;9.500;-5.000;1.000
233;9.500;-4.000;1.000
234;9.500;-3.000;1.000
235;9.500;-2.000;1.000
236;9.500;-1.000;1.000
237;9.500;0.000;1.000
238;9.500;1.000;1.000
239;9.500;2.000;1.000
240;9.500;3.000;1.000
241;9.500;4.000;1.000
242;9.500;5.000;1.000
243;9.500;6.000;1.000
244;9.500;7.000;1.000
245;9.500;8.000;1.000
246;9.500;9.000;1.000
247;9.500;10.000;1.000
248;9.500;11.000;1.000
249;9.500;12.000;1.000
250;10.500;-12.000;1.000
251;10.500;-11.000;1.000
252;10.500;-10.000;1.000
253;10.500;-9.000;1.000
254;10.500;-8.000;1.000
255;10.500;-7.000;1.000
256;10.500;-6.000;1.000
257;10.500;-5.000;1.000
258;10.500;-4.000;1.000
259;10.500;-3.000;1.000
260;10.500;-2.000;1.000
261;10.500;-1.000;1.000
262;10.500;0.000;1.000
263;10.500;1.000;1.000
264;10.500;2.000;1.000
265;10.500;3.000;1.000
266;10.500;4.000;1.000
267;10.500;5.000;1.000
268;10.500;6.000;1.000
269;10.500;7.000;1.000
270;10.500;8.000;1.000
271;10.500;9.000;1.000
272;10.500;10.000;1.000
273;10.500;11.000;1.000
274;10.500;12.000;1.000
275;11.500;-12.000;1.000
276;11.500;-11.000;1.000
277;11.500;-10.000;1.000
278;11.500;-9.000;1.000
279;11.500;-8.000;1.000
280;11.500;-7.000;1.000
281;11.500;-6.000;1.000
282;11.500;-5.000;1.000
283;11.500;-4.000;1.000
284;11.500;-3.000;1.000
285;11.500;-2.000;1.000
286;11.500;-1.000;1.000
287;11.500;0.000;1.000
288;11.500;1.000;1.000
289;11.500;2.000;1.000
290;11.500;3.000;1.000
291;11.500;4.000;1.000
292;11.500;5.000;1.000
293;11.500;6.000;1.000
294;11.500;7.000;1.000
295;11.500;8.000;1.000
296;11.500;9.000;1.000
297;11.500;10.000;1.000
298;11.500;11.000;1.000
299;11.500;12.000;1.000
300;12.500;-12.000;1.000
301;12.500;-11.000;1.000
302;12.500;-10.000;1.000
303;12.500;-9.000;1.000
304;12.500;-8.000;1.000
305;12.500;-7.000;1.000
306;12.500;-6.000;1.000
307;12.500;-5.000;1.000
308;12.500;-4.000;1.000
309;12.500;-3.000;1.000
310;12.500;-2.000;1.000
311;12.500;-1.000;1.000
312;12.500;0.000;1.000
313;12.500;1.000;1.000
314;12.500;2.000;1.000
315;12.500;3.000;1.000
316;12.500;4.000;1.000
317;12.500;5.000;1.000
318;12.500;6.000;1.000
319;12.500;7.000;1.000
320;12.500;8.000;1.000
321;12.500;9.000;1.000
322;12.500;10.000;1.000
323;12.500;11.000;1.000
324;12.500;12.000;1.000
325;13.500;-12.000;1.000
326;13.500;-11.000;1.000
327;13.500;-10.000;1.000
328;13.500;-9.000;1.000
329;13.500;-8.000;1.000
330;13.500;-7.000;1.000
331;13.500;-6.000;1.000
332;13.500;-5.000;1.000
333;13.500;-4.000;1.000
334;13.500;-3.000;1.000
335;13.500;-2.000;1.000
336;13.500;-1.000;1.000
337;13.500;0.000;1.000
338;13.500;1.000;1.000
339;13.500;2.000;1.000
340;13.500;3.000;1.000
341;13.500;4.000;1.000
342;13.500;5.000;1.000
343;13.500;6.000;1.000
344;13.500;7.000;1.000
345;13.500;8.000;1.000
346;13.500;9.000;1.000
347;13.500;10.000;1.000
348;13.500;11.000;1.000
349;13.500;12.000;1.000
350;14.500;-12.000;1.000
351;14.500;-11.000;1.000
352;14.500;-10.000;1.000
353;14.500;-9.000;1.000
354;14.500;-8.000;1.000
355;14.500;-7.000;1.000
356;14.500;-6.000;1.000
357;14.500;-5.000;1.000
358;14.500;-4.000;1.000
359;14.500;-3.000;1.000
360;14.500;-2.000;1.000
361;14.500;-1.000;1.000
362;14.500;0.000;1.000
363;14.500;1.000;1.000
364;14.500;2.000;1.000
365;14.500;3.000;1.000
366;14.500;4.000;1.000
367;14.500;5.000;1.000
368;14.500;6.000;1.000
369;14.500;7.000;1.000
370;14.500;8.000;1.000
371;14.500;9.000;1.000
372;14.500;10.000;1.000
373;14.500;11.000;1.000
374;14.500;12.000;1.000
375;15.500;-12.000;1.000
376;15.500;-11.000;1.000
377;15.500;-10.000;1.000
378;15.500;-9.000;1.000
379;15.500;-8.000;1.000
380;15.500;-7.000;1.000
381;15.500;-6.000;1.000
382;15.500;-5.000;1.000
383;15.500;-4.000;1.000
384;15.500;-3.000;1.000
385;15.500;-2.000;1.000
386;15.500;-1.000;1.000
387;15.500;0.000;1.000
388;15.500;1.000;1.000
389;15.500;2.000;1.000
390;15.500;3.000;1.000
391;15.500;4.000;1.000
392;15.500;5.000;1.000
393;15.500;6.000;1.000
394;15.500;7.000;1.000
395;15.500;8.000;1.000
396;15.500;9.000;1.000
397;15.500;10.000;1.000
398;15.500;11.000;1.000
399;15.500;12.000;1.000
400;16.500;-12.000;1.000
401;16.500;-11.000;1.000
402;16.500;-10.000;1.000
403;16.500;-9.000;1.000
404;16.500;-8.000;1.000
405;16.500;-7.000;1.000
406;16.500;-6.000;1.000
407;16.500;-5.000;1.000
408;16.500;-4.000;1.000
409;16.500;-3.000;1.000
410;16.500;-2.000;1.000
411;16.500;-1.000;1.000
412;16.500;0.000;1.000
413;16.500;1.000;1.000
414;16.500;2.000;1.000
415;16.500;3.000;1.000
416;16.500;4.000;1.000
417;16.500;5.000;1.000
418;16.500;6.000;1.000
419;16.500;7.000;1.000
420;16.500;8.000;1.000
421;16.500;9.000;1.000
422;16.500;10.000;1.000
423;16.500;11.000;1.000
424;16.500;12.000;1.000
425;17.500;-12.000;1.000
426;17.500;-11.000;1.000
427;17.500;-10.000;1.000
428;17.500;-9.000;1.000
429;17.500;-8.000;1.000
430;17.500;-7.000;1.000
431;17.500;-6.000;1.000
432;17.500;-5.000;1.000
433;17.500;-4.000;1.000
434;17.500;-3.000;1.000
435;17.500;-2.000;1.000
436;17.500;-1.000;1.000
437;17.500;0.000;1.000
438;17.500;1.000;1.000
439;17.500;2.000;1.000
440;17.500;3.000;1.000
441;17.500;4.000;1.000
442;17.500;5.000;1.000
443;17.500;6.000;1.000
444;17.500;7.000;1.000
445;17.500;8.000;1.000
446;17.500;9.000;1.000
447;17.500;10.000;1.000
448;17.500;11.000;1.000
449;17.500;12.000;1.000
450;18.500;-12.000;1.000
451;18.500;-11.000;1.000
452;18.500;-10.000;1.000
453;18.500;-9.000;1.000
454;18.500;-8.000;1.000
455;18.500;-7.000;1.000
456;18.500;-6.000;1.000
457;18.500;-5.000;1.000
458;18.500;-4.000;1.000
459;18.500;-3.000;1.000
460;18.500;-2.000;1.000
461;18.500;-1.000;1.000
462;18.500;0.000;1.000
463;18.500;1.000;1.000
464;18.500;2.000;1.000
465;18.500;3.000;1.000
466;18.500;4.000;1.000
467;18.500;5.000;1.000
468;18.500;6.000;1.000
469;18.500;7.000;1.000
470;18.500;8.000;1.000
471;18.500;9.000;1.000
472;18.500;10.000;1.000
473;18.500;11.000;1.000
474;18.500;12.000;1.000
475;19.500;-12.000;1.000
476;19.500;-11.000;1.000
477;19.500;-10.000;1.000
478;19.500;-9.000;1.000
479;19.500;-8.000;1.000
480;19.500;-7.000;1.000
481;19.500;-6.000;1.000
482;19.500;-5.000;1.000
483;19.500;-4.000;1.000
484;19.500;-3.000;1.000
485;19.500;-2.000;1.000
486;19.500;-1.000;1.000
487;19.500;0.000;1.000
488;19.500;1.000;1.000
489;19.500;2.000;1.000
490;19.500;3.000;1.000
491;19.500;4.000;1.000
492;19.500;5.000;1.000
493;19.500;6.000;1.000
494;19.500;7.000;1.000
495;19.500;8.000;1.000
496;19.500;9.000;1.000
497;19.500;10.000;1.000
498;19.500;11.000;1.000
499;19.500;12.000;1.000
500;20.500;-12.000;1.000
501;20.500;-11.000;1.000
502;20.500;-10.000;1.000
503;20.500;-9.000;1.000
504;20.500;-8.000;1.000
505;20.500;-7.000;1.000
506;20.500;-6.000;1.000
507;20.500;-5.000;1.000
508;20.500;-4.000;1.000
509;20.500;-3.000;1.000
510;20.500;-2.000;1.000
511;20.500;-1.000;1.000
512;20.500;0.000;1.000
513;20.500;1.000;1.000
514;20.500;2.000;1.000
515;20.500;3.000;1.000
516;20.500;4.000;1.000
517;20.500;5.000;1.000
518;20.500;6.000;1.000
519;20.500;7.000;1.000
520;20.500;8.000;1.000
521;20.500;9.000;1.000
522;20.500;10.000;1.000
523;20.500;11.000;1.000
524;20.500;12.000;1.000
525;21.500;-12.000;1.000
526;21.500;-11.000;1.000
527;21.500;-10.000;1.000
528;21.500;-9.000;1.000
529;21.500;-8.000;1.000
530;21.500;-7.000;1.000
531;21.500;-6.000;1.000
532;21.500;-5.000;1.000
533;21.500;-4.000;1.000
534;21.500;-3.000;1.000
535;21.500;-2.000;1.000
536;21.500;-1.000;1.000
537;21.500;0.000;1.000
538;21.500;1.000;1.000
539;21.500;2.000;1.000
540;21.500;3.000;1.000
541;21.500;4.000;1.000
542;21.500;5.000;1.000
543;21.500;6.000;1.000
544;21.500;7.000;1.000
545;21.500;8.000;1.000
546;21.500;9.000;1.000
547;21.500;10.000;1.000
548;21.500;11.000;1.000
549;21.500;12.000;1.000
550;22.500;-12.000;1.000
551;22.500;-11.000;1.000
552;22.500;-10.000;1.000
553;22.500;-9.000;1.000
554;22.500;-8.000;1.000
555;22.500;-7.000;1.000
556;22.500;-6.000;1.000
557;22.500;-5.000;1.000
558;22.500;-4.000;1.000
559;22.500;-3.000;1.000
560;22.500;-2.000;1.000
561;22.500;-1.000;1.000
562;22.500;0.000;1.000
563;22.500;1.000;1.000
564;22.500;2.000;1.000
565;22.500;3.000;1.000
566;22.500;4.000;1.000
567;22.500;5.000;1.000
568;22.500;6.000;1.000
569;22.500;7.000;1.000
570;22.500;8.000;1.000
571;22.500;9.000;1.000
572;22.500;10.000;1.000
573;22.500;11.000;1.000
574;22.500;12.000;1.000
575;23.500;-12.000;1.000
576;23.500;-11.000;1.000
577;23.500;-10.000;1.000
578;23.500;-9.000;1.000
579;23.500;-8.000;1.000
580;23.500;-7.000;1.000
581;23.500;-6.000;1.000
582;23.500;-5.000;1.000
583;23.500;-4.000;1.000
584;23.500;-3.000;1.000
585;23.500;-2.000;1.000
586;23.500;-1.000;1.000
587;23.500;0.000;1.000
588;23.500;1.000;1.000
589;23.500;2.000;1.000
590;23.500;3.000;1.000
591;23.500;4.000;1.000
592;23.500;5.000;1.000
593;23.500;6.000;1.000
594;23.500;7.000;1.000
595;23.500;8.000;1.000
596;23.500;9.000;1.000
597;23.500;10.000;1.000
598;23.500;11.000;1.000
599;23.500;12.000;1.000
600;24.500;-12.000;1.000
601;24.500;-11.000;1.000
602;24.500;-10.000;1.000
603;24.500;-9.000;1.000
604;24.500;-8.000;1.000
605;24.500;-7.000;1.000
606;24.500;-6.000;1.000
607;24.500;-5.000;1.000
608;24.500;-4.000;1.000
609;24.500;-3.000;1.000
610;24.500;-2.000;1.000
611;24.500;-1.000;1.000
612;24.500;0.000;1.000
613;24.500;1.000;1.000
614;24.500;2.000;1.000
615;24.500;3.000;1.000
616;24.500;4.000;1.000
617;24.500;5.000;1.000
618;24.500;6.000;1.000
619;24.500;7.000;1.000
620;24.500;8.000;1.000
621;24.500;9.000;1.000
622;24.500;10.000;1.000
623;24.500;11.000;1.000
624;24.500;12.000;1.000
625;25.500;-12.000;1.000
626;25.500;-11.000;1.000
627;25.500;-10.000;1.000
628;25.500;-9.000;1.000
629;25.500;-8.000;1.000
630;25.500;-7.000;1.000
631;25.500;-6.000;1.000
632;25.500;-5.000;1.000
633;25.500;-4.000;1.000
634;25.500;-3.000;1.000
635;25.500;-2.000;1.000
636;25.500;-1.000;1.000
637;25.500;0.000;1.000
638;25.500;1.000;1.000
639;25.500;2.000;1.000
640;25.500;3.000;1.000
641;25.500;4.000;1.000
642;25.500;5.000;1.000
643;25.500;6.000;1.000
644;25.500;7.000;1.000
645;25.500;8.000;1.000
646;25.500;9.000;1.000
647;25.500;10.000;1.000
648;25.500;11.000;1.000
649;25.500;12.000;1.000
650;26.500;-12.000;1.000
651;26.500;-11.000;1.000
652;26.500;-10.000;1.000
653;26.500;-9.000;1.000
654;26.500;-8.000;1.000
655;26.500;-7.000;1.000
656;26.500;-6.000;1.000
657;26.500;-5.000;1.000
658;26.500;-4.000;1.000
659;26.500;-3.000;1.000
660;26.500;-2.000;1.000
661;26.500;-1.000;1.000
662;26.500;0.000;1.000
663;26.500;1.000;1.000
664;26.500;2.000;1.000
665;26.500;3.000;1.000
666;26.500;4.000;1.000
667;26.500;5.000;1.000
668;26.500;6.000;1.000
669;26.500;7.000;1.000
670;26.500;8.000;1.000
671;26.500;9.000;1.000
672;26.500;10.000;1.000
673;26.500;11.000;1.000
674;26.500;12.000;1.000
675;27.500;-12.000;1.000
676;27.500;-11.000;1.000
677;27.500;-10.000;1.000
678;27.500;-9.000;1.000
679;27.500;-8.000;1.000
680;27.500;-7.000;1.000
681;27.500;-6.000;1.000
682;27.500;-5.000;1.000
683;27.500;-4.000;1.000
684;27.500;-3.000;1.000
685;27.500;-2.000;1.000
686;27.500;-1.000;1.000
687;27.500;0.000;1.000
688;27.500;1.000;1.000
689;27.500;2.000;1.000
690;27.500;3.000;1.000
691;27.500;4.000;1.000
692;27.500;5.000;1.000
693;27.500;6.000;1.000
694;27.500;7.000;1.000
695;27.500;8.000;1.000
696;27.500;9.000;1.000
697;27.500;10.000;1.000
698;27.500;11.000;1.000
699;27.500;12.000;1.000
700;28.500;-12.000;1.000
701;28.500;-11.000;1.000
702;28.500;-10.000;1.000
703;28.500;-9.000;1.000
704;28.500;-8.000;1.000
705;28.500;-7.000;1.000
706;28.500;-6.000;1.000
707;28.500;-5.000;1.000
708;28.500;-4.000;1.000
709;28.500;-3.000;1.000
710;28.500;-2.000;1.000
711;28.500;-1.000;1.000
712;28.500;0.000;1.000
713;28.500;1.000;1.000
714;28.500;2.000;1.000
715;28.500;3.000;1.000
716;28.500;4.000;1.000
717;28.500;5.000;1.000
718;28.500;6.000;1.000
719;28.500;7.000;1.000
720;28.500;8.000;1.000
721;28.500;9.000;1.000
722;28.500;10.000;1.000
723;28.500;11.000;1.000
724;28.500;12.000;1.000
725;29.500;-12.000;1.000
726;29.500;-11.000;1.000
727;29.500;-10.000;1.000
728;29.500;-9.000;1.000
729;29.500;-8.000;1.000
730;29.500;-7.000;1.000
731;29.500;-6.000;1.000
732;29.500;-5.000;1.000
733;29.500;-4.000;1.000
734;29.500;-3.000;1.000
735;29.500;-2.000;1.000
736;29.500;-1.000;1.000
737;29.500;0.000;1.000
738;29.500;1.000;1.000
739;29.500;2.000;1.000
740;29.500;3.000;1.000
741;29.500;4.000;1.000
742;29.500;5.000;1.000
743;29.500;6.000;1.000
744;29.500;7.000;1.000
745;29.500;8.000;1.000
746;29.500;9.000;1.000
747;29.500;10.000;1.000
748;29.500;11.000;1.000
749;29.500;12.000;1.000
750;30.500;-12.000;1.000
751;30.500;-11.000;1.000
752;30.500;-10.000;1.000
753;30.500;-9.000;1.000
754;30.500;-8.000;1.000
755;30.500;-7.000;1.000
756;30.500;-6.000;1.000
757;30.500;-5.000;1.000
758;30.500;-4.000;1.000
759;30.500;-3.000;1.000
760;30.500;-2.000;1.000
761;30.500;-1.000;1.000
762;30.500;0.000;1.000
763;30.500;1.000;1.000
764;30.500;2.000;1.000
765;30.500;3.000;1.000
766;30.500;4.000;1.000
767;30.500;5.000;1.000
768;30.500;6.000;1.000
769;30.500;7.000;1.000
770;30.500;8.000;1.000
771;30.500;9.000;1.000
772;30.500;10.000;1.000
773;30.500;11.000;1.000
774;30.500;12.000;1.000
775;31.500;-12.000;1.000
776;31.500;-11.000;1.000
777;31.500;-10.000;1.000
778;31.500;-9.000;1.000
779;31.500;-8.000;1.000
780;31.500;-7.000;1.000
781;31.500;-6.000;1.000
782;31.500;-5.000;1.000
783;31.500;-4.000;1.000
784;31.500;-3.000;1.000
785;31.500;-2.000;1.000
786;31.500;-1.000;1.000
787;31.500;0.000;1.000
788;31.500;1.000;1.000
789;31.500;2.000;1.000
790;31.500;3.000;1.000
791;31.500;4.000;1.000
792;31.500;5.000;1.000
793;31.500;6.000;1.000
794;31.500;7.000;1.000
795;31.500;8.000;1.000
796;31.500;9.000;1.000
797;31.500;10.000;1.000
798;31.500;11.000;1.000
799;31.500;12.000;1.000
800;32.500;-12.000;1.000
801;32.500;-11.000;1.000
802;32.500;-10.000;1.000
803;32.500;-9.000;1.000
804;32.500;-8.000;1.000
805;32.500;-7.000;1.000
806;32.500;-6.000;1.000
807;32.500;-5.000;1.000
808;32.500;-4.000;1.000
809;32.500;-3.000;1.000
810;32.500;-2.000;1.000
811;32.500;-1.000;1.000
812;32.500;0.000;1.000
813;32.500;1.000;1.000
814;32.500;2.000;1.000
815;32.500;3.000;1.000
816;32.500;4.000;1.000
817;32.500;5.000;1.000
818;32.500;6.000;1.000
819;32.500;7.000;1.000
820;32.500;8.000;1.000
821;32.500;9.000;1.000
822;32.500;10.000;1.000
823;32.500;11.000;1.000
824;32.500;12.000;1.000
825;33.500;-12.000;1.000
826;33.500;-11.000;1.000
827;33.500;-10.000;1.000
828;33.500;-9.000;1.000
829;33.500;-8.000;1.000
830;33.500;-7.000;1.000
831;33.500;-6.000;1.000
832;33.500;-5.000;1.000
833;33.500;-4.000;1.000
834;33.500;-3.000;1.000
835;33.500;-2.000;1.000
836;33.500;-1.000;1.000
837;33.500;0.000;1.000
838;33.500;1.000;1.000
839;33.500;2.000;1.000
840;33.500;3.000;1.000
841;33.500;4.000;1.000
842;33.500;5.000;1.000
843;33.500;6.000;1.000
844;33.500;7.000;1.000
845;33.500;8.000;1.000
846;33.500;9.000;1.000
847;33.500;10.000;1.000
848;33.500;11.000;1.000
849;33.500;12.000;1.000
850;34.500;-12.000;1.000
851;34.500;-11.000;1.000
852;34.500;-10.000;1.000
853;34.500;-9.000;1.000
854;34.500;-8.000;1.000
855;34.500;-7.000;1.000
856;34.500;-6.000;1.000
857;34.500;-5.000;1.000
858;34.500;-4.000;1.000
859;34.500;-3.000;1.000
860;34.500;-2.000;1.000
861;34.500;-1.000;1.000
862;34.500;0.000;1.000
863;34.500;1.000;1.000
864;34.500;2.000;1.000
865;34.500;3.000;1.000
866;34.500;4.000;1.000
867;34.500;5.000;1.000
868;34.500;6.000;1.000
869;34.500;7.000;1.000
870;34.500;8.000;1.000
871;34.500;9.000;1.000
872;34.500;10.000;1.000
873;34.500;11.000;1.000
874;34.500;12.000;1.000
875;35.500;-12.000;1.000
876;35.500;-11.000;1.000
877;35.500;-10.000;1.000
878;35.500;-9.000;1.000
879;35.500;-8.000;1.000
880;35.500;-7.000;1.000
881;35.500;-6.000;1.000
882;35.500;-5.000;1.000
883;35.500;-4.000;1.000
884;35.500;-3.000;1.000
885;35.500;-2.000;1.000
886;35.500;-1.000;1.000
887;35.500;0.000;1.000
888;35.500;1.000;1.000
889;35.500;2.000;1.000
890;35.500;3.000;1.000
891;35.500;4.000;1.000
892;35.500;5.000;1.000
893;35.500;6.000;1.000
894;35.500;7.000;1.000
895;35.500;8.000;1.000
896;35.500;9.000;1.000
897;35.500;10.000;1.000
898;35.500;11.000;1.000
899;35.500;12.000;1.000
900;36.500;-12.000;1.000
901;36.500;-11.000;1.000
902;36.500;-10.000;1.000
903;36.500;-9.000;1.000
904;36.500;-8.000;1.000
905;36.500;-7.000;1.000
906;36.500;-6.000;1.000
907;36.500;-5.000;1.000
908;36.500;-4.000;1.000
909;36.500;-3.000;1.000
910;36.500;-2.000;1.000
911;36.500;-1.000;1.000
912;36.500;0.000;1.000
913;36.500;1.000;1.000
914;36.500;2.000;1.000
915;36.500;3.000;1.000
916;36.500;4.000;1.000
917;36.500;5.000;1.000
918;36.500;6.000;1.000
919;36.500;7.000;1.000
920;36.500;8.000;1.000
921;36.500;9.000;1.000
922;36.500;10.000;1.000
923;36.500;11.000;1.000
924;36.500;12.000;1.000
925;37.500;-12.000;1.000
926;37.500;-11.000;1.000
927;37.500;-10.000;1.000
928;37.500;-9.000;1.000
929;37.500;-8.000;1.000
930;37.500;-7.000;1.000
931;37.500;-6.000;1.000
932;37.500;-5.000;1.000
933;37.500;-4.000;1.000
934;37.500;-3.000;1.000
935;37.500;-2.000;1.000
936;37.500;-1.000;1.000
937;37.500;0.000;1.000
938;37.500;1.000;1.000
939;37.500;2.000;1.000
940;37.500;3.000;1.000
941;37.500;4.000;1.000
942;37.500;5.000;1.000
943;37.500;6.000;1.000
944;37.500;7.000;1.000
945;37.500;8.000;1.000
946;37.500;9.000;1.000
947;37.500;10.000;1.000
948;37.500;11.000;1.000
949;37.500;12.000;1.000
950;38.500;-12.000;1.000
951;38.500;-11.000;1.000
952;38.500;-10.000;1.000
953;38.500;-9.000;1.000
954;38.500;-8.000;1.000
955;38.500;-7.000;1.000
956;38.500;-6.000;1.000
957;38.500;-5.000;1.000
958;38.500;-4.000;1.000
959;38.500;-3.000;1.000
960;38.500;-2.000;1.000
961;38.500;-1.000;1.000
962;38.500;0.000;1.000
963;38.500;1.000;1.000
964;38.500;2.000;1.000
965;38.500;3.000;1.000
966;38.500;4.000;1.000
967;38.500;5.000;1.000
968;38.500;6.000;1.000
969;38.500;7.000;1.000
970;38.500;8.000;1.000
971;38.500;9.000;1.000
972;38.500;10.000;1.000
973;38.500;11.000;1.000
974;38.500;12.000;1.000
975;39.500;-12.000;1.000
976;39.500;-11.000;1.000
977;39.500;-10.000;1.000
978;39.500;-9.000;1.000
979;39.500;-8.000;1.000
980;39.500;-7.000;1.000
981;39.500;-6.000;1.000
982;39.500;-5.000;1.000
983;39.500;-4.000;1.000
984;39.500;-3.000;1.000
985;39.500;-2.000;1.000
986;39.500;-1.000;1.000
987;39.500;0.000;1.000
988;39.500;1.000;1.000
989;39.500;2.000;1.000
990;39.500;3.000;1.000
991;39.500;4.000;1.000
992;39.500;5.000;1.000
993;39.500;6.000;1.000
994;39.500;7.000;1.000
995;39.500;8.000;1.000
996;39.500;9.000;1.000
997;39.500;10.000;1.000
998;39.500;11.000;1.000
999;39.500;12.000;1.000
1000;40.500;-12.000;1.000
1001;40.500;-11.000;1.000
1002;40.500;-10.000;1.000
1003;40.500;-9.000;1.000
1004;40.500;-8.000;1.000
1005;40.500;-7.000;1.000
1006;40.500;-6.000;1.000
1007;40.500;-5.000;1.000
1008;40.500;-4.000;1.000
1009;40.500;-3.000;1.000
1010;40.500;-2.000;1.000
1011;40.500;-1.000;1.000
1012;40.500;0.000;1.000
1013;40.500;1.000;1.000
1014;40.500;2.000;1.000
1015;40.500;3.000;1.000
1016;40.500;4.000;1.000
1017;40.500;5.000;1.000
1018;40.500;6.000;1.000
1019;40.500;7.000;1.000
1020;40.500;8.000;1.000
1021;40.500;9.000;1.000
1022;40.500;10.000;1.000
1023;40.500;11.000;1.000
1024;40.500;12.000;1.000
1025;41.500;-12.000;1.000
1026;41.500;-11.000;1.000
1027;41.500;-10.000;1.000
1028;41.500;-9.000;1.000
1029;41.500;-8.000;1.000
1030;41.500;-7.000;1.000
1031;41.500;-6.000;1.000
1032;41.500;-5.000;1.000
1033;41.500;-4.000;1.000
1034;41.500;-3.000;1.000
1035;41.500;-2.000;1.000
1036;41.500;-1.000;1.000
1037;41.500;0.000;1.000
1038;41.500;1.000;1.000
1039;41.500;2.000;1.000
1040;41.500;3.000;1.000
1041;41.500;4.000;1.000
1042;41.500;5.000;1.000
1043;41.500;6.000;1.000
1044;41.500;7.000;1.000
1045;41.500;8.000;1.000
1046;41.500;9.000;1.000
1047;41.500;10.000;1.000
1048;41.500;11.000;1.000
1049;41.500;12.000;1.000
1050;42.500;-12.000;1.000
1051;42.500;-11.000;1.000
1052;42.500;-10.000;1.000
1053;42.500;-9.000;1.000
1054;42.500;-8.000;1.000
1055;42.500;-7.000;1.000
1056;42.500;-6.000;1.000
1057;42.500;-5.000;1.000
1058;42.500;-4.000;1.000
1059;42.500;-3.000;1.000
1060;42.500;-2.000;1.000
1061;42.500;-1.000;1.000
1062;42.500;0.000;1.000
1063;42.500;1.000;1.000
1064;42.500;2.000;1.000
1065;42.500;3.000;1.000
1066;42.500;4.000;1.000
1067;42.500;5.000;1.000
1068;42.500;6.000;1.000
1069;42.500;7.000;1.000
1070;42.500;8.000;1.000
1071;42.500;9.000;1.000
1072;42.500;10.000;1.000
1073;42.500;11.000;1.000
1074;42.500;12.000;1.000
1075;43.500;-12.000;1.000
1076;43.500;-11.000;1.000
1077;43.500;-10.000;1.000
1078;43.500;-9.000;1.000
1079;43.500;-8.000;1.000
1080;43.500;-7.000;1.000
1081;43.500;-6.000;1.000
1082;43.500;-5.000;1.000
1083;43.500;-4.000;1.000
1084;43.500;-3.000;1.000
1085;43.500;-2.000;1.000
1086;43.500;-1.000;1.000
1087;43.500;0.000;1.000
1088;43.500;1.000;1.000
1089;43.500;2.000;1.000
1090;43.500;3.000;1.000
1091;43.500;4.000;1.000
1092;43.500;5.000;1.000
1093;43.500;6.000;1.000
1094;43.500;7.000;1.000
1095;43.500;8.000;1.000
1096;43.500;9.000;1.000
1097;43.500;10.000;1.000
1098;43.500;11.000;1.000
1099;43.500;12.000;1.000
1100;44.500;-12.000;1.000
1101;44.500;-11.000;1.000
1102;44.500;-10.000;1.000
1103;44.500;-9.000;1.000
1104;44.500;-8.000;1.000
1105;44.500;-7.000;1.000
1106;44.500;-6.000;1.000
1107;44.500;-5.000;1.000
1108;44.500;-4.000;1.000
1109;44.500;-3.000;1.000
1110;44.500;-2.000;1.000
1111;44.500;-1.000;1.000
1112;44.500;0.000;1.000
1113;44.500;1.000;1.000
1114;44.500;2.000;1.000
1115;44.500;3.000;1.000
1116;44.500;4.000;1.000
1117;44.500;5.000;1.000
1118;44.500;6.000;1.000
1119;44.500;7.000;1.000
1120;44.500;8.000;1.000
1121;44.500;9.000;1.000
1122;44.500;10.000;1.000
1123;44.500;11.000;1.000
1124;44.500;12.000;1.000
1125;45.500;-12.000;1.000
1126;45.500;-11.000;1.000
1127;45.500;-10.000;1.000
1128;45.500;-9.000;1.000
1129;45.500;-8.000;1.000
1130;45.500;-7.000;1.000
1131;45.500;-6.000;1.000
1132;45.500;-5.000;1.000
1133;45.500;-4.000;1.000
1134;45.500;-3.000;1.000
1135;45.500;-2.000;1.000
1136;45.500;-1.000;1.000
1137;45.500;0.000;1.000
1138;45.500;1.000;1.000
1139;45.500;2.000;1.000
1140;45.500;3.000;1.000
1141;45.500;4.000;1.000
1142;45.500;5.000;1.000
1143;45.500;6.000;1.000
1144;45.500;7.000;1.000
1145;45.500;8.000;1.000
1146;45.500;9.000;1.000
1147;45.500;10.000;1.000
1148;45.500;11.000;1.000
1149;45.500;12.000;1.000
1150;46.500;-12.000;1.000
1151;46.500;-11.000;1.000
1152;46.500;-10.000;1.000
1153;46.500;-9.000;1.000
1154;46.500;-8.000;1.000
1155;46.500;-7.000;1.000
1156;46.500;-6.000;1.000
1157;46.500;-5.000;1.000
1158;46.500;-4.000;1.000
1159;46.500;-3.000;1.000
1160;46.500;-2.000;1.000
1161;46.500;-1.000;1.000
1162;46.500;0.000;1.000
1163;46.500;1.000;1.000
1164;46.500;2.000;1.000
1165;46.500;3.000;1.000
1166;46.500;4.000;1.000
1167;46.500;5.000;1.000
1168;46.500;6.000;1.000
1169;46.500;7.000;1.000
1170;46.500;8.000;1.000
1171;46.500;9.000;1.000
1172;46.500;10.000;1.000
1173;46.500;11.000;1.000
1174;46.500;12.000;1.000
1175;47.500;-12.000;1.000
1176;47.500;-11.000;1.000
1177;47.500;-10.000;1.000
1178;47.500;-9.000;1.000
1179;47.500;-8.000;1.000
1180;47.500;-7.000;1.000
1181;47.500;-6.000;1.000
1182;47.500;-5.000;1.000
1183;47.500;-4.000;1.000
1184;47.500;-3.000;1.000
1185;47.500;-2.000;1.000
1186;47.500;-1.000;1.000
1187;47.500;0.000;1.000
1188;47.500;1.000;1.000
1189;47.500;2.000;1.000
1190;47.500;3.000;1.000
1191;47.500;4.000;1.000
1192;47.500;5.000;1.000
1193;47.500;6.000;1.000
1194;47.500;7.000;1.000
1195;47.500;8.000;1.000
1196;47.500;9.000;1.000
1197;47.500;10.000;1.000
1198;47.500;11.000;1.000
1199;47.500;12.000;1.000
1200;48.500;-12.000;1.000
1201;48.500;-11.000;1.000
1202;48.500;-10.000;1.000
1203;48.500;-9.000;1.000
1204;48.500;-8.000;1.000
1205;48.500;-7.000;1.000
1206;48.500;-6.000;1.000
1207;48.500;-5.000;1.000
1208;48.500;-4.000;1.000
1209;48.500;-3.000;1.000
1210;48.500;-2.000;1.000
1211;48.500;-1.000;1.000
1212;48.500;0.000;1.000
1213;48.500;1.000;1.000
1214;48.500;2.000;1.000
1215;48.500;3.000;1.000
1216;48.500;4.000;1.000
1217;48.500;5.000;1.000
1218;48.500;6.000;1.000
1219;48.500;7.000;1.000
1220;48.500;8.000;1.000
1221;48.500;9.000;1.000
1222;48.500;10.000;1.000
1223;48.500;11.000;1.000
1224;48.500;12.000;1.000
1225;49.500;-12.000;1.000
1226;49.500;-11.000;1.000
1227;49.500;-10.000;1.000
1228;49.500;-9.000;1.000
1229;49.500;-8.000;1.000
1230;49.500;-7.000;1.000
1231;49.500;-6.000;1.000
1232;49.500;-5.000;1.000
1233;49.500;-4.000;1.000
1234;49.500;-3.000;1.000
1235;49.500;-2.000;1.000
1236;49.500;-1.000;1.000
1237;49.500;0.000;1.000
1238;49.500;1.000;1.000
1239;49.500;2.000;1.000
1240;49.500;3.000;1.000
1241;49.500;4.000;1.000
1242;49.500;5.000;1.000
1243;49.500;6.000;1.000
1244;49.500;7.000;1.000
1245;49.500;8.000;1.000
1246;49.500;9.000;1.000
1247;49.500;10.000;1.000
1248;49.500;11.000;1.000
1249;49.500;12.000;1.000
1250;50.500;-12.000;1.000
1251;50.500;-11.000;1.000
1252;50.500;-10.000;1.000
1253;50.500;-9.000;1.000
1254;50.500;-8.000;1.000
1255;50.500;-7.000;1.000
1256;50.500;-6.000;1.000
1257;50.500;-5.000;1.000
1258;50.500;-4.000;1.000
1259;50.500;-3.000;1.000
1260;50.500;-2.000;1.000
1261;50.500;-1.000;1.000
1262;50.500;0.000;1.000
1263;50.500;1.000;1.000
1264;50.500;2.000;1.000
1265;50.500;3.000;1.000
1266;50.500;4.000;1.000
1267;50.500;5.000;1.000
1268;50.500;6.000;1.000
1269;50.500;7.000;1.000
1270;50.500;8.000;1.000
1271;50.500;9.000;1.000
1272;50.500;10.000;1.000
1273;50.500;11.000;1.000
1274;50.500;12.000;1.000
1275;51.500;-12.000;1.000
1276;51.500;-11.000;1.000
1277;51.500;-10.000;1.000
1278;51.500;-9.000;1.000
1279;51.500;-8.000;1.000
1280;51.500;-7.000;1.000
1281;51.500;-6.000;1.000
1282;51.500;-5.000;1.000
1283;51.500;-4.000;1.000
1284;51.500;-3.000;1.000
1285;51.500;-2.000;1.000
1286;51.500;-1.000;1.000
1287;51.500;0.000;1.000
1288;51.500;1.000;1.000
1289;51.500;2.000;1.000
1290;51.500;3.000;1.000
1291;51.500;4.000;1.000
1292;51.500;5.000;1.000
1293;51.500;6.000;1.000
1294;51.500;7.000;1.000
1295;51.500;8.000;1.000
1296;51.500;9.000;1.000
1297;51.500;10.000;1.000
1298;51.500;11.000;1.000
1299;51.500;12.000;1.000
1300;52.500;-12.000;1.000
1301;52.500;-11.000;1.000
1302;52.500;-10.000;1.000
1303;52.500;-9.000;1.000
1304;52.500;-8.000;1.000
1305;52.500;-7.000;1.000
1306;52.500;-6.000;1.000
1307;52.500;-5.000;1.000
1308;52.500;-4.000;1.000
1309;52.500;-3.000;1.000
1310;52.500;-2.000;1.000
1311;52.500;-1.000;1.000
1312;52.500;0.000;1.000
1313;52.500;1.000;1.000
1314;52.500;2.000;1.000
1315;52.500;3.000;1.000
1316;52.500;4.000;1.000
1317;52.500;5.000;1.000
1318;52.500;6.000;1.000
1319;52.500;7.000;1.000
1320;52.500;8.000;1.000
1321;52.500;9.000;1.000
1322;52.500;10.000;1.000
1323;52.500;11.000;1.000
1324;52.500;12.000;1.000
1325;53.500;-12.000;1.000
1326;53.500;-11.000;1.000
1327;53.500;-10.000;1.000
1328;53.500;-9.000;1.000
1329;53.500;-8.000;1.000
1330;53.500;-7.000;1.000
1331;53.500;-6.000;1.000
1332;53.500;-5.000;1.000
1333;53.500;-4.000;1.000
1334;53.500;-3.000;1.000
1335;53.500;-2.000;1.000
1336;53.500;-1.000;1.000
1337;53.500;0.000;1.000
1338;53.500;1.000;1.000
1339;53.500;2.000;1.000
1340;53.500;3.000;1.000
1341;53.500;4.000;1.000
1342;53.500;5.000;1.000
1343;53.500;6.000;1.000
1344;53.500;7.000;1.000
1345;53.500;8.000;1.000
1346;53.500;9.000;1.000
1347;53.500;10.000;1.000
1348;53.500;11.000;1.000
1349;53.500;12.000;1.000
1350;54.500;-12.000;1.000
1351;54.500;-11.000;1.000
1352;54.500;-10.000;1.000
1353;54.500;-9.000;1.000
1354;54.500;-8.000;1.000
1355;54.500;-7.000;1.000
1356;54.500;-6.000;1.000
1357;54.500;-5.000;1.000
1358;54.500;-4.000;1.000
1359;54.500;-3.000;1.000
1360;54.500;-2.000;1.000
1361;54.500;-1.000;1.000
1362;54.500;0.000;1.000
1363;54.500;1.000;1.000
1364;54.500;2.000;1.000
1365;54.500;3.000;1.000
1366;54.500;4.000;1.000
1367;54.500;5.000;1.000
1368;54.500;6.000;1.000
1369;54.500;7.000;1.000
1370;54.500;8.000;1.000
1371;54.500;9.000;1.000
1372;54.500;10.000;1.000
1373;54.500;11.000;1.000
1374;54.500;12.000;1.000
1375;55.500;-12.000;1.000
1376;55.500;-11.000;1.000
1377;55.500;-10.000;1.000
1378;55.500;-9.000;1.000
1379;55.500;-8.000;1.000
1380;55.500;-7.000;1.000
1381;55.500;-6.000;1.000
1382;55.500;-5.000;1.000
1383;55.500;-4.000;1.000
1384;55.500;-3.000;1.000
1385;55.500;-2.000;1.000
1386;55.500;-1.000;1.000
1387;55.500;0.000;1.000
1388;55.500;1.000;1.000
1389;55.500;2.000;1.000
1390;55.500;3.000;1.000
1391;55.500;4.000;1.000
1392;55.500;5.000;1.000
1393;55.500;6.000;1.000
1394;55.500;7.000;1.000
1395;55.500;8.000;1.000
1396;55.500;9.000;1.000
1397;55.500;10.000;1.000
1398;55.500;11.000;1.000
1399;55.500;12.000;1.000
1400;56.500;-12.000;1.000
1401;56.500;-11.000;1.000
1402;56.500;-10.000;1.000
1403;56.500;-9.000;1.000
1404;56.500;-8.000;1.000
1405;56.500;-7.000;1.000
1406;56.500;-6.000;1.000
1407;56.500;-5.000;1.000
1408;56.500;-4.000;1.000
1409;56.500;-3.000;1.000
1410;56.500;-2.000;1.000
1411;56.500;-1.000;1.000
1412;56.500;0.000;1.000
1413;56.500;1.000;1.000
1414;56.500;2.000;1.000
1415;56.500;3.000;1.000
1416;56.500;4.000;1.000
1417;56.500;5.000;1.000
1418;56.500;6.000;1.000
1419;56.500;7.000;1.000
1420;56.500;8.000;1.000
1421;56.500;9.000;1.000
1422;56.500;10.000;1.000
1423;56.500;11.000;1.000
1424;56.500;12.000;1.000
1425;57.500;-12.000;1.000
1426;57.500;-11.000;1.000
1427;57.500;-10.000;1.000
1428;57.500;-9.000;1.000
1429;57.500;-8.000;1.000
1430;57.500;-7.000;1.000
1431;57.500;-6.000;1.000
1432;57.500;-5.000;1.000
1433;57.500;-4.000;1.000
1434;57.500;-3.000;1.000
1435;57.500;-2.000;1.000
1436;57.500;-1.000;1.000
1437;57.500;0.000;1.000
1438;57.500;1.000;1.000
1439;57.500;2.000;1.000
1440;57.500;3.000;1.000
1441;57.500;4.000;1.000
1442;57.500;5.000;1.000
1443;57.500;6.000;1.000
1444;57.500;7.000;1.000
1445;57.500;8.000;1.000
1446;57.500;9.000;1.000
1447;57.500;10.000;1.000
1448;57.500;11.000;1.000
1449;57.500;12.000;1.000
1450;58.500;-12.000;1.000
1451;58.500;-11.000;1.000
1452;58.500;-10.000;1.000
1453;58.500;-9.000;1.000
1454;58.500;-8.000;1.000
1455;58.500;-7.000;1.000
1456;58.500;-6.000;1.000
1457;58.500;-5.000;1.000
1458;58.500;-4.000;1.000
1459;58.500;-3.000;1.000
1460;58.500;-2.000;1.000
1461;58.500;-1.000;1.000
1462;58.500;0.000;1.000
1463;58.500;1.000;1.000
1464;58.500;2.000;1.000
1465;58.500;3.000;1.000
1466;58.500;4.000;1.000
1467;58.500;5.000;1.000
1468;58.500;6.000;1.000
1469;58.500;7.000;1.000
1470;58.500;8.000;1.000
1471;58.500;9.000;1.000
1472;58.500;10.000;1.000
1473;58.500;11.000;1.000
1474;58.500;12.000;1.000
1475;59.500;-12.000;1.000
1476;59.500;-11.000;1.000
1477;59.500;-10.000;1.000
1478;59.500;-9.000;1.000
1479;59.500;-8.000;1.000
1480;59.500;-7.000;1.000
1481;59.500;-6.000;1.000
1482;59.500;-5.000;1.000
1483;59.500;-4.000;1.000
1484;59.500;-3.000;1.000
1485;59.500;-2.000;1.000
1486;59.500;-1.000;1.000
1487;59.500;0.000;1.000
1488;59.500;1.000;1.000
1489;59.500;2.000;1.000
1490;59.500;3.000;1.000
1491;59.500;4.000;1.000
1492;59.500;5.000;1.000
1493;59.500;6.000;1.000
1494;59.500;7.000;1.000
1495;59.500;8.000;1.000
1496;59.500;9.000;1.000
1497;59.500;10.000;1.000
1498;59.500;11.000;1.000
1499;59.500;12.000;1.000
1500;60.500;-12.000;1.000
1501;60.500;-11.000;1.000
1502;60.500;-10.000;1.000
1503;60.500;-9.000;1.000
1504;60.500;-8.000;1.000
1505;60.500;-7.000;1.000
1506;60.500;-6.000;1.000
1507;60.500;-5.000;1.000
1508;60.500;-4.000;1.000
1509;60.500;-3.000;1.000
1510;60.500;-2.000;1.000
1511;60.500;-1.000;1.000
1512;60.500;0.000;1.000
1513;60.500;1.000;1.000
1514;60.500;2.000;1.000
1515;60.500;3.000;1.000
1516;60.500;4.000;1.000
1517;60.500;5.000;1.000
1518;60.500;6.000;1.000
1519;60.500;7.000;1.000
1520;60.500;8.000;1.000
1521;60.500;9.000;1.000
1522;60.500;10.000;1.000
1523;60.500;11.000;1.000
1524;60.500;12.000;1.000
1525;61.500;-12.000;1.000
1526;61.500;-11.000;1.000
1527;61.500;-10.000;1.000
1528;61.500;-9.000;1.000
1529;61.500;-8.000;1.000
1530;61.500;-7.000;1.000
1531;61.500;-6.000;1.000
1532;61.500;-5.000;1.000
1533;61.500;-4.000;1.000
1534;61.500;-3.000;1.000
1535;61.500;-2.000;1.000
1536;61.500;-1.000;1.000
1537;61.500;0.000;1.000
1538;61.500;1.000;1.000
1539;61.500;2.000;1.000
1540;61.500;3.000;1.000
1541;61.500;4.000;1.000
1542;61.500;5.000;1.000
1543;61.500;6.000;1.000
1544;61.500;7.000;1.000
1545;61.500;8.000;1.000
1546;61.500;9.000;1.000
1547;61.500;10.000;1.000
1548;61.500;11.000;1.000
1549;61.500;12.000;1.000
1550;62.500;-12.000;1.000
1551;62.500;-11.000;1.000
1552;62.500;-10.000;1.000
1553;62.500;-9.000;1.000
1554;62.500;-8.000;1.000
1555;62.500;-7.000;1.000
1556;62.500;-6.000;1.000
1557;62.500;-5.000;1.000
1558;62.500;-4.000;1.000
1559;62.500;-3.000;1.000
1560;62.500;-2.000;1.000
1561;62.500;-1.000;1.000
1562;62.500;0.000;1.000
1563;62.500;1.000;1.000
1564;62.500;2.000;1.000
1565;62.500;3.000;1.000
1566;62.500;4.000;1.000
1567;62.500;5.000;1.000
1568;62.500;6.000;1.000
1569;62.500;7.000;1.000
1570;62.500;8.000;1.000
1571;62.500;9.000;1.000
1572;62.500;10.000;1.000
1573;62.500;11.000;1.000
1574;62.500;12.000;1.000
1575;63.500;-12.000;1.000
1576;63.500;-11.000;1.000
1577;63.500;-10.000;1.000
1578;63.500;-9.000;1.000
1579;63.500;-8.000;1.000
1580;63.500;-7.000;1.000
1581;63.500;-6.000;1.000
1582;63.500;-5.000;1.000
1583;63.500;-4.000;1.000
1584;63.500;-3.000;1.000
1585;63.500;-2.000;1.000
1586;63.500;-1.000;1.000
1587;63.500;0.000;1.000
1588;63.500;1.000;1.000
1589;63.500;2.000;1.000
1590;63.500;3.000;1.000
1591;63.500;4.000;1.000
1592;63.500;5.000;1.000
1593;63.500;6.000;1.000
1594;63.500;7.000;1.000
1595;63.500;8.000;1.000
1596;63.500;9.000;1.000
1597;63.500;10.000;1.000
1598;63.500;11.000;1.000
1599;63.500;12.000;1.000
1600;64.500;-12.000;1.000
1601;64.500;-11.000;1.000
1602;64.500;-10.000;1.000
1603;64.500;-9.000;1.000
1604;64.500;-8.000;1.000
1605;64.500;-7.000;1.000
1606;64.500;-6.000;1.000
1607;64.500;-5.000;1.000
1608;64.500;-4.000;1.000
1609;64.500;-3.000;1.000
1610;64.500;-2.000;1.000
1611;64.500;-1.000;1.000
1612;64.500;0.000;1.000
1613;64.500;1.000;1.000
1614;64.500;2.000;1.000
1615;64.500;3.000;1.000
1616;64.500;4.000;1.000
1617;64.500;5.000;1.000
1618;64.500;6.000;1.000
1619;64.500;7.000;1.000
1620;64.500;8.000;1.000
1621;64.500;9.000;1.000
1622;64.500;10.000;1.000
1623;64.500;11.000;1.000
1624;64.500;12.000;1.000
1625;65.500;-12.000;1.000
1626;65.500;-11.000;1.000
1627;65.500;-10.000;1.000
1628;65.500;-9.000;1.000
1629;65.500;-8.000;1.000
1630;65.500;-7.000;1.000
1631;65.500;-6.000;1.000
1632;65.500;-5.000;1.000
1633;65.500;-4.000;1.000
1634;65.500;-3.000;1.000
1635;65.500;-2.000;1.000
1636;65.500;-1.000;1.000
1637;65.500;0.000;1.000
1638;65.500;1.000;1.000
1639;65.500;2.000;1.000
1640;65.500;3.000;1.000
1641;65.500;4.000;1.000
1642;65.500;5.000;1.000
1643;65.500;6.000;1.000
1644;65.500;7.000;1.000
1645;65.500;8.000;1.000
1646;65.500;9.000;1.000
1647;65.500;10.000;1.000
1648;65.500;11.000;1.000
1649;65.500;12.000;1.000
1650;66.500;-12.000;1.000
1651;66.500;-11.000;1.000
1652;66.500;-10.000;1.000
1653;66.500;-9.000;1.000
1654;66.500;-8.000;1.000
1655;66.500;-7.000;1.000
1656;66.500;-6.000;1.000
1657;66.500;-5.000;1.000
1658;66.500;-4.000;1.000
1659;66.500;-3.000;1.000
1660;66.500;-2.000;1.000
1661;66.500;-1.000;1.000
1662;66.500;0.000;1.000
1663;66.500;1.000;1.000
1664;66.500;2.000;1.000
1665;66.500;3.000;1.000
1666;66.500;4.000;1.000
1667;66.500;5.000;1.000
1668;66.500;6.000;1.000
1669;66.500;7.000;1.000
1670;66.500;8.000;1.000
1671;66.500;9.000;1.000
1672;66.500;10.000;1.000
1673;66.500;11.000;1.000
1674;66.500;12.000;1.000
1675;67.500;-12.000;1.000
1676;67.500;-11.000;1.000
1677;67.500;-10.000;1.000
1678;67.500;-9.000;1.000
1679;67.500;-8.000;1.000
1680;67.500;-7.000;1.000
1681;67.500;-6.000;1.000
1682;67.500;-5.000;1.000
1683;67.500;-4.000;1.000
1684;67.500;-3.000;1.000
1685;67.500;-2.000;1.000
1686;67.500;-1.000;1.000
1687;67.500;0.000;1.000
1688;67.500;1.000;1.000
1689;67.500;2.000;1.000
1690;67.500;3.000;1.000
1691;67.500;4.000;1.000
1692;67.500;5.000;1.000
1693;67.500;6.000;1.000
1694;67.500;7.000;1.000
1695;67.500;8.000;1.000
1696;67.500;9.000;1.000
1697;67.500;10.000;1.000
1698;67.500;11.000;1.000
1699;67.500;12.000;1.000
1700;68.500;-12.000;1.000
1701;68.500;-11.000;1.000
1702;68.500;-10.000;1.000
1703;68.500;-9.000;1.000
1704;68.500;-8.000;1.000
1705;68.500;-7.000;1.000
1706;68.500;-6.000;1.000
1707;68.500;-5.000;1.000
1708;68.500;-4.000;1.000
1709;68.500;-3.000;1.000
1710;68.500;-2.000;1.000
1711;68.500;-1.000;1.000
1712;68.500;0.000;1.000
1713;68.500;1.000;1.000
1714;68.500;2.000;1.000
1715;68.500;3.000;1.000
1716;68.500;4.000;1.000
1717;68.500;5.000;1.000
1718;68.500;6.000;1.000
1719;68.500;7.000;1.000
1720;68.500;8.000;1.000
1721;68.500;9.000;1.000
1722;68.500;10.000;1.000
1723;68.500;11.000;1.000
1724;68.500;12.000;1.000
1725;69.500;-12.000;1.000
1726;69.500;-11.000;1.000
1727;69.500;-10.000;1.000
1728;69.500;-9.000;1.000
1729;69.500;-8.000;1.000
1730;69.500;-7.000;1.000
1731;69.500;-6.000;1.000
1732;69.500;-5.000;1.000
1733;69.500;-4.000;1.000
1734;69.500;-3.000;1.000
1735;69.500;-2.000;1.000
1736;69.500;-1.000;1.000
1737;69.500;0.000;1.000
1738;69.500;1.000;1.000
1739;69.500;2.000;1.000
1740;69.500;3.000;1.000
1741;69.500;4.000;1.000
1742;69.500;5.000;1.000
1743;69.500;6.000;1.000
1744;69.500;7.000;1.000
1745;69.500;8.000;1.000
1746;69.500;9.000;1.000
1747;69.500;10.000;1.000
1748;69.500;11.000;1.000
1749;69.500;12.000;1.000
1750;70.500;-12.000;1.000
1751;70.500;-11.000;1.000
1752;70.500;-10.000;1.000
1753;70.500;-9.000;1.000
1754;70.500;-8.000;1.000
1755;70.500;-7.000;1.000
1756;70.500;-6.000;1.000
1757;70.500;-5.000;1.000
1758;70.500;-4.000;1.000
1759;70.500;-3.000;1.000
1760;70.500;-2.000;1.000
1761;70.500;-1.000;1.000
1762;70.500;0.000;1.000
1763;70.500;1.000;1.000
1764;70.500;2.000;1.000
1765;70.500;3.000;1.000
1766;70.500;4.000;1.000
1767;70.500;5.000;1.000
1768;70.500;6.000;1.000
1769;70.500;7.000;1.000
1770;70.500;8.000;1.000
1771;70.500;9.000;1.000
1772;70.500;10.000;1.000
1773;70.500;11.000;1.000
1774;70.500;12.000;1.000
1775;71.500;-12.000;1.000
1776;71.500;-11.000;1.000
1777;71.500;-10.000;1.000
1778;71.500;-9.000;1.000
1779;71.500;-8.000;1.000
1780;71.500;-7.000;1.000
1781;71.500;-6.000;1.000
1782;71.500;-5.000;1.000
1783;71.500;-4.000;1.000
1784;71.500;-3.000;1.000
1785;71.500;-2.000;1.000
1786;71.500;-1.000;1.000
1787;71.500;0.000;1.000
1788;71.500;1.000;1.000
1789;71.500;2.000;1.000
1790;71.500;3.000;1.000
1791;71.500;4.000;1.000
1792;71.500;5.000;1.000
1793;71.500;6.000;1.000
1794;71.500;7.000;1.000
1795;71.500;8.000;1.000
1796;71.500;9.000;1.000
1797;71.500;10.000;1.000
1798;71.500;11.000;1.000
1799;71.500;12.000;1.000
1800;72.500;-12.000;1.000
1801;72.500;-11.000;1.000
1802;72.500;-10.000;1.000
1803;72.500;-9.000;1.000
1804;72.500;-8.000;1.000
1805;72.500;-7.000;1.000
1806;72.500;-6.000;1.000
1807;72.500;-5.000;1.000
1808;72.500;-4.000;1.000
1809;72.500;-3.000;1.000
1810;72.500;-2.000;1.000
1811;72.500;-1.000;1.000
1812;72.500;0.000;1.000
1813;72.500;1.000;1.000
1814;72.500;2.000;1.000
1815;72.500;3.000;1.000
1816;72.500;4.000;1.000
1817;72.500;5.000;1.000
1818;72.500;6.000;1.000
1819;72.500;7.000;1.000
1820;72.500;8.000;1.000
1821;72.500;9.000;1.000
1822;72.500;10.000;1.000
1823;72.500;11.000;1.000
1824;72.500;12.000;1.000
1825;73.500;-12.000;1.000
1826;73.500;-11.000;1.000
1827;73.500;-10.000;1.000
1828;73.500;-9.000;1.000
1829;73.500;-8.000;1.000
1830;73.500;-7.000;1.000
1831;73.500;-6.000;1.000
1832;73.500;-5.000;1.000
1833;73.500;-4.000;1.000
1834;73.500;-3.000;1.000
1835;73.500;-2.000;1.000
1836;73.500;-1.000;1.000
1837;73.500;0.000;1.000
1838;73.500;1.000;1.000
1839;73.500;2.000;1.000
1840;73.500;3.000;1.000
1841;73.500;4.000;1.000
1842;73.500;5.000;1.000
1843;73.500;6.000;1.000
1844;73.500;7.000;1.000
1845;73.500;8.000;1.000
1846;73.500;9.000;1.000
1847;73.500;10.000;1.000
1848;73.500;11.000;1.000
1849;73.500;12.000;1.000
1850;74.500;-12.000;1.000
1851;74.500;-11.000;1.000
1852;74.500;-10.000;1.000
1853;74.500;-9.000;1.000
1854;74.500;-8.000;1.000
1855;74.500;-7.000;1.000
1856;74.500;-6.000;1.000
1857;74.500;-5.000;1.000
1858;74.500;-4.000;1.000
1859;74.500;-3.000;1.000
1860;74.500;-2.000;1.000
1861;74.500;-1.000;1.000
1862;74.500;0.000;1.000
1863;74.500;1.000;1.000
1864;74.500;2.000;1.000
1865;74.500;3.000;1.000
1866;74.500;4.000;1.000
1867;74.500;5.000;1.000
1868;74.500;6.000;1.000
1869;74.500;7.000;1.000
1870;74.500;8.000;1.000
1871;74.500;9.000;1.000
1872;74.500;10.000;1.000
1873;74.500;11.000;1.000
1874;74.500;12.000;1.000